participant_id	session_id
sub-01        ses-0mo
sub-02        ses-0mo
sub-03        ses-0mo
sub-04        ses-0mo
sub-05        ses-0mo
sub-06        ses-0mo
sub-07        ses-0mo
sub-08        ses-0mo
sub-09        ses-0mo
sub-10        ses-0mo
sub-11        ses-0mo
sub-116056    ses-3mo
sub-116845    ses-3mo
sub-116845    ses-6mo
sub-12        ses-0mo
sub-13        ses-0mo
sub-14        ses-0mo
sub-15        ses-0mo
sub-16        ses-0mo
sub-17        ses-0mo
sub-176427    ses-5mo
sub-18        ses-0mo
sub-198202    ses-5mo
sub-198202    ses-8mo
sub-198549    ses-1mo
sub-198549    ses-4mo
sub-198549    ses-7mo
sub-20        ses-0mo
sub-206192    ses-3mo
sub-243511    ses-7mo
sub-272097    ses-5mo
sub-272097    ses-8mo
sub-277762    ses-6mo
sub-284149    ses-6mo
sub-295081    ses-5mo
sub-298032    ses-3mo
sub-309615    ses-3mo
sub-372377    ses-2mo
sub-372377    ses-8mo
sub-380056    ses-7mo
sub-381606    ses-2mo
sub-381606    ses-5mo
sub-381606    ses-8mo
sub-387247    ses-8mo
sub-401592    ses-6mo
sub-402408    ses-4mo
sub-402408    ses-7mo
sub-406768    ses-6mo
sub-439083    ses-1mo
sub-439083    ses-4mo
sub-439083    ses-7mo
sub-455675    ses-6mo
sub-469090    ses-3mo
sub-470437    ses-1mo
sub-470437    ses-7mo
sub-518969    ses-8mo
sub-544404    ses-6mo
sub-551495    ses-6mo
sub-552990    ses-5mo
sub-552990    ses-8mo
sub-584381    ses-1mo
sub-584381    ses-4mo
sub-621289    ses-6mo
sub-627391    ses-2mo
sub-635515    ses-4mo
sub-645257    ses-4mo
sub-657158    ses-4mo
sub-657158    ses-7mo
sub-682023    ses-7mo
sub-684448    ses-2mo
sub-710922    ses-4mo
sub-710922    ses-7mo
sub-726893    ses-5mo
sub-726893    ses-8mo
sub-761141    ses-1mo
sub-786266    ses-7mo
sub-801091    ses-3mo
sub-810675    ses-3mo
sub-850013    ses-8mo
sub-890518    ses-8mo
sub-938316    ses-2mo
sub-938316    ses-5mo
sub-939043    ses-3mo
sub-940808    ses-3mo
sub-943541    ses-1mo
sub-981664    ses-2mo
sub-981664    ses-5mo
sub-981854    ses-1mo
sub-993015    ses-2mo
sub-993015    ses-5mo
